{
  "seed": 40485847,
  "arenaSeed": -1671513490,
  "stocks": 3,
  "roster": [
    {
      "charId": "samster",
      "genome": {
        "dwellMin": 0.05,
        "dwellMax": 0.08023069221970217,
        "idleChance": 0.02199617925777858,
        "jumpChance": 0.8063033212223671,
        "dashChance": 0.09778584812302143,
        "chaseBias": 0.8738832561531491,
        "edgeBuffer": 125.87408119417375,
        "airborneCenterBias": 0.8575250803335437,
        "preferredRange": 186.99556485472175,
        "rangeSlack": 134.76814607398813,
        "jumpRange": 154.17748241605273,
        "jumpAboveBias": 62.797452396342806,
        "dashRange": 52.56154417705283,
        "aggression": 1.2595372460641254,
        "retreatAtDamage": 111.5059016952792,
        "retreatBias": 0.10517608210496325,
        "facingStickiness": 0.6523378568186853,
        "pressureBonus": 1.006071435233136,
        "jumpCooldown": 0.4708999652252533
      }
    },
    {
      "charId": "samster",
      "genome": {
        "dwellMin": 0.08456096886657179,
        "dwellMax": 0.10456096886657179,
        "idleChance": 0.023456255264273976,
        "jumpChance": 0.6976944151116184,
        "dashChance": 0.1943900746642612,
        "chaseBias": 0.7775345936184205,
        "edgeBuffer": 121.67469912491694,
        "airborneCenterBias": 0.9617971234846436,
        "preferredRange": 193.87325552743135,
        "rangeSlack": 128.11805141905472,
        "jumpRange": 147.36976577466748,
        "jumpAboveBias": 64.96830237657018,
        "dashRange": 50.54518268575029,
        "aggression": 1.1629807535270968,
        "retreatAtDamage": 112.54415078826577,
        "retreatBias": 0.17166664363539855,
        "facingStickiness": 0.5972264997878665,
        "pressureBonus": 1.006071435233136,
        "jumpCooldown": 0.4343041257769801
      }
    }
  ],
  "swapped": false,
  "summary": {
    "seed": 40485847,
    "arenaSeed": 2623453806,
    "time": 74.71666666666371,
    "stepCount": 4483,
    "winnerId": 0,
    "resultReason": "last-entity",
    "players": [
      {
        "id": 0,
        "charId": "samster",
        "name": "Samster",
        "stocks": 3,
        "damage": 20.87949232694348,
        "alive": true,
        "stats": {
          "damageDealt": 122.35933438461932,
          "damageTaken": 20.87949232694348,
          "sideDamageDealt": 14.359334384619318,
          "stompDamageDealt": 108,
          "kos": 3,
          "deaths": 0,
          "selfKos": 0,
          "stocksLost": 0
        }
      },
      {
        "id": 1,
        "charId": "samster",
        "name": "Samster",
        "stocks": 0,
        "damage": 48.01860532088568,
        "alive": false,
        "stats": {
          "damageDealt": 20.87949232694348,
          "damageTaken": 122.35933438461932,
          "sideDamageDealt": 11.879492326943483,
          "stompDamageDealt": 9,
          "kos": 0,
          "deaths": 3,
          "selfKos": 0,
          "stocksLost": 3
        }
      }
    ]
  }
}
